key,key:userAccount,firm,professionalId,certifications,link
auditor-01,user-account-auditor-01,firmforauditor1,idforauditor1,certification1,http://Acme-L3.es/auditor/sample1
auditor-02,user-account-auditor-02,firmforauditor2,idforauditor2,certification2,http://Acme-L3.es/auditor/sample2
auditor-03,user-account-auditor-03,firmwithcharacterlimitof75charactersaaaaaaaaaaaaaaaaaaaaaaaaaaaaaaaaaaaaaaa,q,.,null
auditor-04,user-account-auditor-03,firmwithcharacterlimitof75charactersaaaaaaaaaaaaaaaaaaaaaaaaaaaaaaaaaaaaaa,b,.,null
auditor-05,user-account-auditor-03,a,c,.,null
auditor-06,user-account-auditor-03,aa,d,.,null
auditor-07,user-account-auditor-03,"<script>alert(""hi!"")</script>",e,.,null
auditor-08,user-account-auditor-03,<h1> Hola </h1>,f,.,null
auditor-09,user-account-auditor-03,%$&jo48Ç,g,.,null
auditor-10,user-account-auditor-03,いすてくき,h,.,null
auditor-11,user-account-auditor-03,.,AlvaroUrquijoMartinez4444,.,null
auditor-12,user-account-auditor-03,.,AlvaroUrquijoMartinez333,.,null
auditor-13,user-account-auditor-03,.,A,.,null
auditor-14,user-account-auditor-03,.,Al,.,null
auditor-15,user-account-auditor-03,.,"<script>alert</script>",.,null
auditor-16,user-account-auditor-03,.,<h1> Hola </h1>,.,null
auditor-17,user-account-auditor-03,.,%$&jo48Ç,.,null
auditor-18,user-account-auditor-03,.,いすてくき,.,null
auditor-19,user-account-auditor-03,.,i,certificationswithcharacterlimitof100charactersandiwillfillthemwith aaaaaaaaaaaaaaaaaaaaaaaaaaaaaaaa,null
auditor-20,user-account-auditor-03,.,j,certificationswithcharacterlimitof100charactersandiwillfillthemwith aaaaaaaaaaaaaaaaaaaaaaaaaaaaaaa,null
auditor-21,user-account-auditor-03,.,k,c,null
auditor-22,user-account-auditor-03,.,l,ce,null
auditor-23,user-account-auditor-03,.,m,<h1> Hola </h1>,null
auditor-24,user-account-auditor-03,.,n,いすてくき,null
auditor-25,user-account-auditor-03,.,o,%$&jo48Ç,null
auditor-26,user-account-auditor-03,.,p,.,https://www.moxfield.com/