key,subject,assessment,start-date,finish-date,mark,link,key:audit
auditing-record-01,Subject 1,Assessment 1,2022/04/30 01:01,2022/04/30 01:01,A+,null,audit-01
auditing-record-02,S,Assessment 1,2022/04/30 00:00,2022/04/30 01:01,A+,null,audit-03
auditing-record-03,Subject 1,A,2022/04/30 00:00,2022/04/30 01:01,A,null,audit-02
auditing-record-04,But I must explain to you how all this mistaken idea of denouncing pleasure,A,2022/04/30 00:00,2022/04/30 01:01,A+,null,audit-02
auditing-record-05,But I must explain to you how all this mistaken idea of denouncing pleasur,A,2022/04/30 00:00,2022/04/30 01:01,A+,null,audit-05
auditing-record-06,Subject 1,But I must explain to you how all this mistaken idea of denouncing pleasure and praising pain was bo,2022/04/30 00:00,2022/04/30 01:01,A,null,audit-08
auditing-record-07,Subject 1,But I must explain to you how all this mistaken idea of denouncing pleasure and praising pain was b,2022/04/30 00:00,2022/04/30 01:01,A+,null,audit-04
auditing-record-08,Subject 1,Assessment 1,2022/04/30 00:00,2022/04/30 01:01,B,http:/www.us.es,audit-01
auditing-record-09,Subject 1,Assessment 1,2022/07/30 00:00,2022/04/30 01:01,A+,http:/www.us.es,audit-01
auditing-record-10,Subject 1,Assessment 1,2022/07/30 00:00,2022/04/30 01:01,F,http:/www.us.es,audit-04
auditing-record-11,<h1>My First Heading</h1>,Assessment 1,2022/04/30 00:00,2022/04/30 01:01,C,null,audit-01
auditing-record-12,Subject1,<h1>My First Heading</h1>,2022/04/30 00:00,2022/04/30 01:01,A+,null,audit-01
auditing-record-13,CREATE TABLE employee,Assessment 1s,2022/04/30 00:00,2022/04/30 01:01,A+,null,audit-01
auditing-record-14,Subject1,CREATE TABLE employee,2022/04/30 00:00,2022/04/30 01:01,C,null,audit-06
auditing-record-15,무지개,Assessment 1s,2022/04/30 00:00,2022/04/30 01:01,A+,null,audit-10
auditing-record-16,Subject1,무지개,2022/04/30 00:00,2022/04/30 01:01,B,null,audit-11