key,key:userAccount,alma-mater,resume,qualifications,link
lecturer-1,user-account-lecturer-01,Seville University,4 years of experience,Master in Software Engineering,https://www.amazon.es
lecturer-2,user-account-lecturer-02,Seville University,4 years of experience,Master in Software Engineering,https://www.amazon.es
lecturer-101,user-account-01,a,4 years of experience,Master in Software Engineering,https://www.amazon.es
lecturer-102,user-account-02,aa,4 years of experience,Master in Software Engineering,https://www.amazon.es
lecturer-103,user-account-03,texto mediano,4 years of experience,Master in Software Engineering,https://www.amazon.es
lecturer-104,user-account-04,74zzCxV7&DW6B4LUR*w;3tKM&kL.Rt4(PqHKe$%vfAu)_%(=(EGD2Qm*HH{X$ZQQb6m}#Ce}]T,4 years of experience,Master in Software Engineering,https://www.amazon.es
lecturer-105,user-account-05,75zzzCxV7&DW6B4LUR*w;3tKM&kL.Rt4(PqHKe$%vfAu)_%(=(EGD2Qm*HH{X$ZQQb6m}#Ce}]T,4 years of experience,Master in Software Engineering,https://www.amazon.es
lecturer-106,user-account-06,Seville University,a,Master in Software Engineering,https://www.amazon.es
lecturer-107,user-account-07,Seville University,aa,Master in Software Engineering,https://www.amazon.es
lecturer-108,user-account-08,Seville University,texto medianoooo,Master in Software Engineering,https://www.amazon.es
lecturer-109,user-account-09,Seville University,99miizpvqnipyrdracyfcnambrtgmwjbuucgxyqkeyxtayzedgxarrhyyrhfjpnizhpfdyqvytqmirebbdhtdxicbkxjgdwncrb,Master in Software Engineering,https://www.amazon.es
lecturer-110,user-account-10,Seville University,100iizpvqnipyrdracyfcnambrtgmwjbuucgxyqkeyxtayzedgxarrhyyrhfjpnizhpfdyqvytqmirebbdhtdxicbkxjgdwncrb,Master in Software Engineering,https://www.amazon.es
lecturer-111,user-account-11,Seville University,4 years of experience,a,https://www.amazon.es
lecturer-112,user-account-12,Seville University,4 years of experience,aa,https://www.amazon.es
lecturer-113,user-account-13,Seville University,4 years of experience,texto medianoooo,https://www.amazon.es
lecturer-114,user-account-14,Seville University,4 years of experience,99miizpvqnipyrdracyfcnambrtgmwjbuucgxyqkeyxtayzedgxarrhyyrhfjpnizhpfdyqvytqmirebbdhtdxicbkxjgdwncrb,https://www.amazon.es
lecturer-115,user-account-15,Seville University,4 years of experience,100iizpvqnipyrdracyfcnambrtgmwjbuucgxyqkeyxtayzedgxarrhyyrhfjpnizhpfdyqvytqmirebbdhtdxicbkxjgdwncrb,https://www.amazon.es
lecturer-116,user-account-16,Seville University,4 years of experience,Master in Software Engineering,
lecturer-117,user-account-17,Seville University,4 years of experience,Master in Software Engineering,https://example.com/path?query#fragment
lecturer-118,user-account-18,Seville University,4 years of experience,Master in Software Engineering,https://xn--e1afmkfd.xn--80akhbyknj4f
lecturer-119,user-account-19,Seville University,4 years of experience,Master in Software Engineering,https://www.example.com/~user
lecturer-120,user-account-20,Seville University,4 years of experience,Master in Software Engineering,ftp://ftp.example.com/pub/file.tar.gz
lecturer-121,user-account-21,Seville University,4 years of experience,Master in Software Engineering,https://example.com/path with spaces
lecturer-100,user-account-100,Seville University,4 years of experience,Master in Software Engineering,https://example.com/path with spaces
