key,title,author,message,email,link,instantiation_moment
note-01,"titulo","autor","mensaje","anddomrui@alum.us.es","http://ev.us", 2010/10/30 20:00
note-02,"a","autor","mensaje","anddomrui@alum.us.es","http://ev.us", 2010/10/30 20:00
note-03,"aa","autor","mensaje","anddomrui@alum.us.es","http://ev.us", 2010/10/30 20:00
note-04,"aaaaaaaaaaaaaaaaaaaaaaaaaaaaaaaaaaaaa","autor","mensaje","anddomrui@alum.us.es","http://ev.us", 2010/10/30 20:00
note-05,"aaaaaaaaaaaaaaaaaaaaaaaaaaaaaaaaaaaaaaaaaaaaaaaaaaaaaaaaaaaaaaaaaaaaaaaaaa","autor","mensaje","anddomrui@alum.us.es","http://ev.us", 2010/10/30 20:00
note-06,"aaaaaaaaaaaaaaaaaaaaaaaaaaaaaaaaaaaaaaaaaaaaaaaaaaaaaaaaaaaaaaaaaaaaaaaaaaa","autor","mensaje","anddomrui@alum.us.es","http://ev.us", 2010/10/30 20:00
note-07,<h1>Hola</h1>,"autor","mensaje","anddomrui@alum.us.es","http://ev.us", 2010/10/30 20:00
note-08,<script>alert("hi")</script>,"autor","mensaje","anddomrui@alum.us.es","http://ev.us", 2010/10/30 20:00
note-09,Здравствуйте добрый день,"autor","mensaje","anddomrui@alum.us.es","http://ev.us", 2010/10/30 20:00
note-10,こんにちは,"autor","mensaje","anddomrui@alum.us.es","http://ev.us", 2010/10/30 20:00
note-11,(&/%&/$%&$%&$%&?!,"autor","mensaje","anddomrui@alum.us.es","http://ev.us", 2010/10/30 20:00
note-12,"titulo","a","mensaje","anddomrui@alum.us.es","http://ev.us", 2010/10/30 20:00
note-13,"titulo","aa","mensaje","anddomrui@alum.us.es","http://ev.us", 2010/10/30 20:00
note-14,"titulo","aaaaaaaaaaaaaaaaaaaaaaaaaaaaaaaaaaaaa","mensaje","anddomrui@alum.us.es","http://ev.us", 2010/10/30 20:00
note-15,"titulo","aaaaaaaaaaaaaaaaaaaaaaaaaaaaaaaaaaaaaaaaaaaaaaaaaaaaaaaaaaaaaaaaaaaaaaaaaa","mensaje","anddomrui@alum.us.es","http://ev.us", 2010/10/30 20:00
note-16,"titulo","aaaaaaaaaaaaaaaaaaaaaaaaaaaaaaaaaaaaaaaaaaaaaaaaaaaaaaaaaaaaaaaaaaaaaaaaaaa","mensaje","anddomrui@alum.us.es","http://ev.us", 2010/10/30 20:00
note-17,"titulo",<h1>Hola</h1>,"mensaje","anddomrui@alum.us.es","http://ev.us", 2010/10/30 20:00
note-18,"titulo",<script>alert("hi")</script>,"mensaje","anddomrui@alum.us.es","http://ev.us", 2010/10/30 20:00
note-19,"titulo",Здравствуйте добрый день,"mensaje","anddomrui@alum.us.es","http://ev.us", 2010/10/30 20:00
note-20,"titulo",こんにちは,"mensaje","anddomrui@alum.us.es","http://ev.us", 2010/10/30 20:00
note-21,"titulo",$·$%&$&/%/,"mensaje","anddomrui@alum.us.es","http://ev.us", 2010/10/30 20:00
note-22,"titulo","autor","a","anddomrui@alum.us.es","http://ev.us", 2010/10/30 20:00
note-23,"titulo","autor","aa","anddomrui@alum.us.es","http://ev.us", 2010/10/30 20:00
note-24,"titulo","autor","aaaaaaaaaaaaaaaaaaaaaaaaaaaaaaaaaaaaaaaaaaaaaaaaaa","anddomrui@alum.us.es","http://ev.us", 2010/10/30 20:00
note-25,"titulo","autor","aaaaaaaaaaaaaaaaaaaaaaaaaaaaaaaaaaaaaaaaaaaaaaaaaaaaaaaaaaaaaaaaaaaaaaaaaaaaaaaaaaaaaaaaaaaaaaaaaaa","anddomrui@alum.us.es","http://ev.us", 2010/10/30 20:00
note-26,"titulo","autor","aaaaaaaaaaaaaaaaaaaaaaaaaaaaaaaaaaaaaaaaaaaaaaaaaaaaaaaaaaaaaaaaaaaaaaaaaaaaaaaaaaaaaaaaaaaaaaaaaaaa","anddomrui@alum.us.es","http://ev.us", 2010/10/30 20:00
note-27,"titulo","autor",<h1>Hola</h1>,"anddomrui@alum.us.es","http://ev.us", 2010/10/30 20:00
note-28,"titulo","autor",<script>alert("hi")</script>,"anddomrui@alum.us.es","http://ev.us", 2010/10/30 20:00
note-29,"titulo","autor",Здравствуйте добрый день,"anddomrui@alum.us.es","http://ev.us", 2010/10/30 20:00
note-30,"titulo","autor",こんにちは,"anddomrui@alum.us.es","http://ev.us", 2010/10/30 20:00
note-31,"titulo","autor",&%(&%&/%/%$%/$,"anddomrui@alum.us.es","http://ev.us", 2010/10/30 20:00
note-32,"titulo","autor","mensaje",null,"http://ev.us", 2010/10/30 20:00
note-33,"titulo","autor","mensaje","andresdominguezruiz.ad@gmail.com","http://ev.us", 2010/10/30 20:00
note-34,"titulo","autor","mensaje","hola@us.es","http://ev.us", 2010/10/30 20:00
note-35,"titulo","autor","mensaje","anddomrui@alum.us.es",null, 2010/10/30 20:00
note-36,"titulo","autor","mensaje","anddomrui@alum.us.es","https://www.youtube.com/watch?v=HGl75kurxok&t=2207s", 2010/10/30 20:00
note-37,"titulo","autor","mensaje","anddomrui@alum.us.es",http://user:pass@acme.com, 2010/10/30 20:00
note-38,"titulo","autor","mensaje","anddomrui@alum.us.es","http://ev.us", 2022/07/29 23:58
note-39,"titulo","autor","mensaje","anddomrui@alum.us.es","http://ev.us", 2022/07/29 23:59
note-40,"titulo","autor","mensaje","anddomrui@alum.us.es","http://ev.us", 2022/07/30 00:00