key,title,author,message,email,link
note-01,"75 caracteres tiene este atributo y sirve para tener datos variablessssssss","autor","mensaje","anddomrui@alum.us.es","https://www.youtube.com/"
note-02,".","autor","mensaje","anddomrui@alum.us.es","https://www.youtube.com/"
note-03,<script>alert("hi")</script>,"autor","mensaje","anddomrui@alum.us.es","https://www.youtube.com/"
note-04,"%&/%&%%/$%&路$%路$%路$%_^^","autor","mensaje","anddomrui@alum.us.es","https://www.youtube.com/"
note-05,"37 caracteres es la mitad aprox de 75","autor","mensaje","anddomrui@alum.us.es","https://www.youtube.com/"
note-06,"titulo","75 caracteres tiene este atributo y sirve para tener datos variablessssssss","mensaje","anddomrui@alum.us.es","https://www.youtube.com/"
note-07,"titulo",".","mensaje","anddomrui@alum.us.es","https://www.youtube.com/"
note-08,"titulo","37 caracteres es la mitad aprox de 75","mensaje","anddomrui@alum.us.es","https://www.youtube.com/"
note-09,"titulo",<script>alert("hi")</script>,"mensaje","anddomrui@alum.us.es","https://www.youtube.com/"
note-10,"titulo","/(/()&/5$%$%&$","mensaje","anddomrui@alum.us.es","https://www.youtube.com/"
note-11,"titulo","autor","100 caracteres tiene este mensaje y sirve para dar muchisima variabilidad a la base de datosssssssss","anddomrui@alum.us.es","https://www.youtube.com/"
note-12,"titulo","autor",".","anddomrui@alum.us.es","https://www.youtube.com/"
note-13,"titulo","autor","50 caracteres es la mitad de 100 caracteressssssss","anddomrui@alum.us.es","https://www.youtube.com/"
note-14,"titulo","autor",<script>alert("hi")</script>,"anddomrui@alum.us.es","https://www.youtube.com/"
note-15,"titulo","autor","&/%(&%&/R756_><路$","anddomrui@alum.us.es","https://www.youtube.com/"
note-16,"titulo","autor","mensaje",null,"https://www.youtube.com/"
note-17,"titulo","autor","mensaje","andd@cc.com","https://www.youtube.com/"
note-18,"titulo","autor","mensaje","anddomrui@alum.us.es",null
note-19,"titulo","autor","mensaje","anddomrui@alum.us.es","https://www.youtube.com/watch?v=tvn-O7qLhuU"
note-20,"titulo","autor","mensaje","anddomrui@alum.us.es","http://localhost:8080"

