key,instantiation-moment,title,nick,message,email,link
peep-1,2020/02/02 22:22,Ya es lunes,Genial,Hoy es un buen dia para ir a la compra,manotebar@alum.us.es,https://www.amazon.es
peep-2,"2010/10/30 20:00",Ya es lunes,Genial,Hoy es un buen dia para ir a la compra,manotebar@alum.us.es,https://www.amazon.es
peep-3,"2021/02/13 00:00",Ya es lunes,Genial,Hoy es un buen dia para ir a la compra,manotebar@alum.us.es,https://www.amazon.es
peep-4,"2021/02/13 12:00",Ya es lunes,Genial,Hoy es un buen dia para ir a la compra,manotebar@alum.us.es,https://www.amazon.es
peep-5,"2021/02/13 23:59",Ya es lunes,Genial,Hoy es un buen dia para ir a la compra,manotebar@alum.us.es,https://www.amazon.es
peep-6,"2021/01/01 00:00",Ya es lunes,Genial,Hoy es un buen dia para ir a la compra,manotebar@alum.us.es,https://www.amazon.es
peep-7,"2020/12/31 23:59",Ya es lunes,Genial,Hoy es un buen dia para ir a la compra,manotebar@alum.us.es,https://www.amazon.es
peep-8,"2020/12/31 00:00",Ya es lunes,Genial,Hoy es un buen dia para ir a la compra,manotebar@alum.us.es,https://www.amazon.es
peep-9,2020/02/02 22:22,a,Genial,Hoy es un buen dia para ir a la compra,manotebar@alum.us.es,https://www.amazon.es
peep-10,2020/02/02 22:22,bb,Genial,Hoy es un buen dia para ir a la compra,manotebar@alum.us.es,https://www.amazon.es
peep-11,2020/02/02 22:22,Medium sized text,Genial,Hoy es un buen dia para ir a la compra,manotebar@alum.us.es,https://www.amazon.es
peep-12,2020/02/02 22:22,yyyyyyyyyyyyyyyyyyyyyyyyyyyyyyyyyyyyyyyyyyyyyyyyyyyyyyyyyyyyyyyyyyyyyyyyyy,Genial,Hoy es un buen dia para ir a la compra,manotebar@alum.us.es,https://www.amazon.es
peep-13,2020/02/02 22:22,zzzzzzzzzzzzzzzzzzzzzzzzzzzzzzzzzzzzzzzzzzzzzzzzzzzzzzzzzzzzzzzzzzzzzzzzzzz,Genial,Hoy es un buen dia para ir a la compra,manotebar@alum.us.es,https://www.amazon.es
peep-14,2020/02/02 22:22,$$%^&*!@#$%^&*()?.,Genial,Hoy es un buen dia para ir a la compra,manotebar@alum.us.es,https://www.amazon.es
peep-15,2020/02/02 22:22,Първи урок,Genial,Hoy es un buen dia para ir a la compra,manotebar@alum.us.es,https://www.amazon.es
peep-16,2020/02/02 22:22,español y tíldes,Genial,Hoy es un buen dia para ir a la compra,manotebar@alum.us.es,https://www.amazon.es
peep-17,2020/02/02 22:22,<h1>hello there<h1>,Genial,Hoy es un buen dia para ir a la compra,manotebar@alum.us.es,https://www.amazon.es
peep-18,2020/02/02 22:22,<script>alert('hi')</script>,Genial,Hoy es un buen dia para ir a la compra,manotebar@alum.us.es,https://www.amazon.es
peep-19,2020/02/02 22:22,45,Genial,Hoy es un buen dia para ir a la compra,manotebar@alum.us.es,https://www.amazon.es
peep-20,2020/02/02 22:22,Ya es lunes,a,Hoy es un buen dia para ir a la compra,manotebar@alum.us.es,https://www.amazon.es
peep-21,2020/02/02 22:22,Ya es lunes,bb,Hoy es un buen dia para ir a la compra,manotebar@alum.us.es,https://www.amazon.es
peep-22,2020/02/02 22:22,Ya es lunes,Medium sized text,Hoy es un buen dia para ir a la compra,manotebar@alum.us.es,https://www.amazon.es
peep-23,2020/02/02 22:22,Ya es lunes,yyyyyyyyyyyyyyyyyyyyyyyyyyyyyyyyyyyyyyyyyyyyyyyyyyyyyyyyyyyyyyyyyyyyyyyyyy,Hoy es un buen dia para ir a la compra,manotebar@alum.us.es,https://www.amazon.es
peep-24,2020/02/02 22:22,Ya es lunes,zzzzzzzzzzzzzzzzzzzzzzzzzzzzzzzzzzzzzzzzzzzzzzzzzzzzzzzzzzzzzzzzzzzzzzzzzzz,Hoy es un buen dia para ir a la compra,manotebar@alum.us.es,https://www.amazon.es
peep-25,2020/02/02 22:22,Ya es lunes,$$%^&*!@#$%^&*()?.,Hoy es un buen dia para ir a la compra,manotebar@alum.us.es,https://www.amazon.es
peep-26,2020/02/02 22:22,Ya es lunes,Първи урок,Hoy es un buen dia para ir a la compra,manotebar@alum.us.es,https://www.amazon.es
peep-27,2020/02/02 22:22,Ya es lunes,español y tíldes,Hoy es un buen dia para ir a la compra,manotebar@alum.us.es,https://www.amazon.es
peep-28,2020/02/02 22:22,Ya es lunes,<h1>hello there<h1>,Hoy es un buen dia para ir a la compra,manotebar@alum.us.es,https://www.amazon.es
peep-29,2020/02/02 22:22,Ya es lunes,<script>alert('hi')</script>,Hoy es un buen dia para ir a la compra,manotebar@alum.us.es,https://www.amazon.es
peep-30,2020/02/02 22:22,Ya es lunes,45,Hoy es un buen dia para ir a la compra,manotebar@alum.us.es,https://www.amazon.es
peep-31,2020/02/02 22:22,Ya es lunes,Genial,a,manotebar@alum.us.es,https://www.amazon.es
peep-32,2020/02/02 22:22,Ya es lunes,Genial,bb,manotebar@alum.us.es,https://www.amazon.es
peep-33,2020/02/02 22:22,Ya es lunes,Genial,Medium sized text,manotebar@alum.us.es,https://www.amazon.es
peep-34,2020/02/02 22:22,Ya es lunes,Genial,yyyyyyyyyyyyyyyyyyyyyyyyyyyyyyyyyyyyyyyyyyyyyyyyyyyyyyyyyyyyyyyyyyyyyyyyyyyyyyyyyyyyyyyyyyyyyyyyyyy,manotebar@alum.us.es,https://www.amazon.es
peep-35,2020/02/02 22:22,Ya es lunes,Genial,zzzzzzzzzzzzzzzzzzzzzzzzzzzzzzzzzzzzzzzzzzzzzzzzzzzzzzzzzzzzzzzzzzzzzzzzzzzzzzzzzzzzzzzzzzzzzzzzzzzz,manotebar@alum.us.es,https://www.amazon.es
peep-36,2020/02/02 22:22,Ya es lunes,Genial,$$%^&*!@#$%^&*()?.,manotebar@alum.us.es,https://www.amazon.es
peep-37,2020/02/02 22:22,Ya es lunes,Genial,Първи урок,manotebar@alum.us.es,https://www.amazon.es
peep-38,2020/02/02 22:22,Ya es lunes,Genial,español y tíldes,manotebar@alum.us.es,https://www.amazon.es
peep-39,2020/02/02 22:22,Ya es lunes,Genial,<h1>hello there<h1>,manotebar@alum.us.es,https://www.amazon.es
peep-40,2020/02/02 22:22,Ya es lunes,Genial,<script>alert('hi')</script>,manotebar@alum.us.es,https://www.amazon.es
peep-41,2020/02/02 22:22,Ya es lunes,Genial,45,manotebar@alum.us.es,https://www.amazon.es
peep-42,2020/02/02 22:22,Ya es lunes,Genial,Hoy es un buen dia para ir a la compra,email@example.name,https://www.amazon.es
peep-43,2020/02/02 22:22,Ya es lunes,Genial,Hoy es un buen dia para ir a la compra,email+tag@subdomain.domain.co.jp,https://www.amazon.es
peep-44,2020/02/02 22:22,Ya es lunes,Genial,Hoy es un buen dia para ir a la compra,e-mail@sub-domain.example.com,https://www.amazon.es
peep-45,2020/02/02 22:22,Ya es lunes,Genial,Hoy es un buen dia para ir a la compra,manotebar@alum.us.es,https://example.com/path?query#fragment
peep-46,2020/02/02 22:22,Ya es lunes,Genial,Hoy es un buen dia para ir a la compra,manotebar@alum.us.es,https://xn--e1afmkfd.xn--80akhbyknj4f
peep-47,2020/02/02 22:22,Ya es lunes,Genial,Hoy es un buen dia para ir a la compra,manotebar@alum.us.es,https://www.example.com/~user
peep-48,2020/02/02 22:22,Ya es lunes,Genial,Hoy es un buen dia para ir a la compra,manotebar@alum.us.es,ftp://ftp.example.com/pub/file.tar.gz
peep-49,2020/02/02 22:22,Ya es lunes,Genial,Hoy es un buen dia para ir a la compra,manotebar@alum.us.es,https://example.com/path with spaces